{
  "Id": "Releases-21-D4C63A85E7894C5D8C20D9297FEA1A43",
  "Version": "0.0.1",
  "ReleaseNotes": null,
  "Assembled": "2021-08-06T00:51:23.474474+00:00",
  "ReleaseDefects": [],
  "DeploymentSettings": {
    "DefaultToSkipIfAlreadyInstalled": false,
    "ConnectivityPolicy": {
      "SkipMachineBehavior": "None",
      "TargetRoles": [],
      "AllowDeploymentsToNoTargets": false,
      "ExcludeUnhealthyTargets": false
    },
    "DefaultGuidedFailureMode": "EnvironmentDefault",
    "DeploymentChangesTemplate": null,
    "VersioningStrategy": {
      "DonorPackage": null,
      "Template": "#{Octopus.Version.LastMajor}.#{Octopus.Version.LastMinor}.#{Octopus.Version.NextPatch}"
    }
  },
  "ProjectId": "Projects-21-D4C63A85E7894C5D8C20D9297FEA1A43",
  "ProjectVariableSetSnapshotId": "variableset-Projects-21-s-0-HGKM9-D4C63A85E7894C5D8C20D9297FEA1A43",
  "ProjectDeploymentProcessSnapshotId": "deploymentprocess-Projects-21-s-2-E7SZZ-D4C63A85E7894C5D8C20D9297FEA1A43",
  "LibraryVariableSetSnapshots": [],
  "SelectedPackages": [
    {
      "ActionName": "Deploy an Azure App Service",
      "PackageReferenceName": "",
      "Version": "1.0.0"
    }
  ],
  "ChannelId": "Channels-21-D4C63A85E7894C5D8C20D9297FEA1A43",
  "BuildInformation": [],
  "VersionControlReference": {
    "GitRef": null,
    "GitCommit": null
  },
  "SpaceId": "Spaces-1-D4C63A85E7894C5D8C20D9297FEA1A43"
}