{
  "Id": "deploymentprocess-Projects-1-s-1-22KRL-D4C63A85E7894C5D8C20D9297FEA1A43",
  "OwnerId": "Projects-1-D4C63A85E7894C5D8C20D9297FEA1A43",
  "IsFrozen": true,
  "Version": 1,
  "SpaceId": "Spaces-1-D4C63A85E7894C5D8C20D9297FEA1A43",
  "Steps": [
    {
      "Id": "1164fc3c-a6eb-4628-944a-cffbae7fe549",
      "Name": "Deploy an Azure App Service",
      "Condition": "Success",
      "StartTrigger": "StartAfterPrevious",
      "PackageRequirement": "LetOctopusDecide",
      "Actions": [
        {
          "Id": "9da0bbbd-e617-49fd-b678-114303e1af02",
          "Name": "Deploy an Azure App Service",
          "ActionType": "Octopus.AzureAppService",
          "Notes": null,
          "WorkerPoolId": null,
          "WorkerPoolVariable": "",
          "Container": {
            "Image": null,
            "FeedId": null
          },
          "IsDisabled": false,
          "IsRequired": false,
          "Environments": [],
          "ExcludedEnvironments": [],
          "Channels": [],
          "TenantTags": [],
          "Packages": [
            {
              "Name": "",
              "Id": "5a994be7-9243-481f-add1-6525efd6d9fd",
              "PackageId": "guide",
              "FeedId": "feeds-builtin",
              "AcquisitionLocation": "Server",
              "Properties": {
                "SelectionMode": "immediate"
              }
            }
          ],
          "Condition": "Success",
          "Properties": {
            "Octopus.Action.Azure.DeploymentType": "Package",
            "Octopus.Action.Package.PackageId": "guide",
            "Octopus.Action.Package.FeedId": "feeds-builtin",
            "Octopus.Action.Package.DownloadOnTentacle": "False"
          }
        }
      ],
      "Properties": {
        "Octopus.Action.TargetRoles": "azure"
      }
    }
  ],
  "RelatedDocumentIds": []
}