{
  "Id": "Projects-1-D4C63A85E7894C5D8C20D9297FEA1A43",
  "Name": "HTML",
  "Description": "",
  "Slug": "html",
  "IsDisabled": false,
  "VariableSetId": "variableset-Projects-1-D4C63A85E7894C5D8C20D9297FEA1A43",
  "DeploymentProcessId": "deploymentprocess-Projects-1-D4C63A85E7894C5D8C20D9297FEA1A43",
  "DeploymentSettingsId": "deploymentsettings-Projects-1-D4C63A85E7894C5D8C20D9297FEA1A43",
  "ClonedFromProjectId": null,
  "ProjectGroupId": "ProjectGroups-1-D4C63A85E7894C5D8C20D9297FEA1A43",
  "LifecycleId": "Lifecycles-1-D4C63A85E7894C5D8C20D9297FEA1A43",
  "AutoCreateRelease": false,
  "PersistenceSettings": {
    "Type": "Database"
  },
  "DiscreteChannelRelease": false,
  "SpaceId": "Spaces-1-D4C63A85E7894C5D8C20D9297FEA1A43",
  "IncludedLibraryVariableSetIds": [],
  "UsedPackages": [
    "guide"
  ],
  "TenantedDeploymentMode": "Untenanted",
  "Templates": [],
  "ReleaseCreationStrategy": null,
  "AutoDeployReleaseOverrides": [],
  "ExtensionSettings": []
}