{
  "Id": "Releases-4-D4C63A85E7894C5D8C20D9297FEA1A43",
  "Version": "0.0.4",
  "ReleaseNotes": null,
  "Assembled": "2021-07-15T07:36:27.4858398+00:00",
  "ReleaseDefects": [],
  "DeploymentSettings": {
    "DefaultToSkipIfAlreadyInstalled": false,
    "ConnectivityPolicy": {
      "SkipMachineBehavior": "None",
      "TargetRoles": [],
      "AllowDeploymentsToNoTargets": false,
      "ExcludeUnhealthyTargets": false
    },
    "DefaultGuidedFailureMode": "EnvironmentDefault",
    "DeploymentChangesTemplate": null,
    "VersioningStrategy": {
      "DonorPackage": null,
      "Template": "#{Octopus.Version.LastMajor}.#{Octopus.Version.LastMinor}.#{Octopus.Version.NextPatch}"
    }
  },
  "ProjectId": "Projects-1-D4C63A85E7894C5D8C20D9297FEA1A43",
  "ProjectVariableSetSnapshotId": "variableset-Projects-1-s-0-7BJ8W-D4C63A85E7894C5D8C20D9297FEA1A43",
  "ProjectDeploymentProcessSnapshotId": "deploymentprocess-Projects-1-s-5-GSK7P-D4C63A85E7894C5D8C20D9297FEA1A43",
  "LibraryVariableSetSnapshots": [],
  "SelectedPackages": [
    {
      "ActionName": "Deploy an Azure App Service",
      "PackageReferenceName": "",
      "Version": "1.0.8"
    }
  ],
  "ChannelId": "Channels-1-D4C63A85E7894C5D8C20D9297FEA1A43",
  "BuildInformation": [],
  "VersionControlReference": {
    "GitRef": null,
    "GitCommit": null
  },
  "SpaceId": "Spaces-1-D4C63A85E7894C5D8C20D9297FEA1A43"
}