{
  "Id": "deploymentprocess-Projects-3-s-7-K5RM8-D4C63A85E7894C5D8C20D9297FEA1A43",
  "OwnerId": "Projects-3-D4C63A85E7894C5D8C20D9297FEA1A43",
  "IsFrozen": true,
  "Version": 7,
  "SpaceId": "Spaces-1-D4C63A85E7894C5D8C20D9297FEA1A43",
  "Steps": [
    {
      "Id": "15e547c7-b2a9-4473-b690-fcb4e1481801",
      "Name": "Run a Script",
      "Condition": "Success",
      "StartTrigger": "StartAfterPrevious",
      "PackageRequirement": "LetOctopusDecide",
      "Actions": [
        {
          "Id": "42a4d2b1-b5f3-4c9c-9dd7-859094ddf5e6",
          "Name": "Run a Script",
          "ActionType": "Octopus.Script",
          "Notes": null,
          "WorkerPoolId": "WorkerPools-2-D4C63A85E7894C5D8C20D9297FEA1A43",
          "WorkerPoolVariable": null,
          "Container": {
            "Image": null,
            "FeedId": null
          },
          "IsDisabled": false,
          "IsRequired": false,
          "Environments": [],
          "ExcludedEnvironments": [],
          "Channels": [],
          "TenantTags": [],
          "Packages": [],
          "Condition": "Success",
          "Properties": {
            "Octopus.Action.RunOnServer": "true",
            "Octopus.Action.Script.ScriptSource": "Inline",
            "Octopus.Action.Script.Syntax": "PowerShell",
            "Octopus.Action.Script.ScriptBody": "Write-Host $OctopusParameters[\"HTML.Greeting\"]"
          }
        }
      ],
      "Properties": {}
    },
    {
      "Id": "1164fc3c-a6eb-4628-944a-cffbae7fe549",
      "Name": "Deploy an Azure App Service",
      "Condition": "Success",
      "StartTrigger": "StartAfterPrevious",
      "PackageRequirement": "LetOctopusDecide",
      "Actions": [
        {
          "Id": "9da0bbbd-e617-49fd-b678-114303e1af02",
          "Name": "Deploy an Azure App Service",
          "ActionType": "Octopus.AzureAppService",
          "Notes": null,
          "WorkerPoolId": null,
          "WorkerPoolVariable": "",
          "Container": {
            "Image": null,
            "FeedId": null
          },
          "IsDisabled": false,
          "IsRequired": false,
          "Environments": [
            "Environments-1-D4C63A85E7894C5D8C20D9297FEA1A43",
            "Environments-2-D4C63A85E7894C5D8C20D9297FEA1A43",
            "Environments-3-D4C63A85E7894C5D8C20D9297FEA1A43"
          ],
          "ExcludedEnvironments": [],
          "Channels": [],
          "TenantTags": [],
          "Packages": [
            {
              "Name": "",
              "Id": "5a994be7-9243-481f-add1-6525efd6d9fd",
              "PackageId": "guide",
              "FeedId": "feeds-builtin",
              "AcquisitionLocation": "Server",
              "Properties": {
                "SelectionMode": "immediate"
              }
            }
          ],
          "Condition": "Success",
          "Properties": {
            "Octopus.Action.Azure.DeploymentType": "Package",
            "Octopus.Action.Package.PackageId": "guide",
            "Octopus.Action.Package.FeedId": "feeds-builtin",
            "Octopus.Action.Package.DownloadOnTentacle": "False",
            "Octopus.Action.EnabledFeatures": "Octopus.Features.JsonConfigurationVariables,Octopus.Features.ConfigurationTransforms,Octopus.Features.SubstituteInFiles"
          }
        }
      ],
      "Properties": {
        "Octopus.Action.TargetRoles": "azure"
      }
    }
  ],
  "RelatedDocumentIds": [
    "Environments-1-D4C63A85E7894C5D8C20D9297FEA1A43",
    "Environments-2-D4C63A85E7894C5D8C20D9297FEA1A43",
    "Environments-3-D4C63A85E7894C5D8C20D9297FEA1A43",
    "WorkerPools-2-D4C63A85E7894C5D8C20D9297FEA1A43"
  ]
}