{
  "Id": "deploymentsettings-Projects-3-D4C63A85E7894C5D8C20D9297FEA1A43",
  "ProjectId": "Projects-3-D4C63A85E7894C5D8C20D9297FEA1A43",
  "SpaceId": "Spaces-1-D4C63A85E7894C5D8C20D9297FEA1A43",
  "VersioningStrategy": {
    "DonorPackage": null,
    "Template": "#{Octopus.Version.LastMajor}.#{Octopus.Version.LastMinor}.#{Octopus.Version.NextPatch}"
  },
  "ReleaseNotesTemplate": null,
  "DefaultToSkipIfAlreadyInstalled": false,
  "ConnectivityPolicy": {
    "SkipMachineBehavior": "None",
    "TargetRoles": [],
    "AllowDeploymentsToNoTargets": false,
    "ExcludeUnhealthyTargets": false
  },
  "DeploymentChangesTemplate": null,
  "DefaultGuidedFailureMode": "EnvironmentDefault"
}