{
  "Id": "Releases-49-D4C63A85E7894C5D8C20D9297FEA1A43",
  "Version": "0.0.10",
  "ReleaseNotes": null,
  "Assembled": "2021-07-23T01:45:57.7899521+00:00",
  "ReleaseDefects": [],
  "DeploymentSettings": {
    "DefaultToSkipIfAlreadyInstalled": false,
    "ConnectivityPolicy": {
      "SkipMachineBehavior": "None",
      "TargetRoles": [],
      "AllowDeploymentsToNoTargets": false,
      "ExcludeUnhealthyTargets": false
    },
    "DefaultGuidedFailureMode": "EnvironmentDefault",
    "DeploymentChangesTemplate": null,
    "VersioningStrategy": {
      "DonorPackage": null,
      "Template": "#{Octopus.Version.LastMajor}.#{Octopus.Version.LastMinor}.#{Octopus.Version.NextPatch}"
    }
  },
  "ProjectId": "Projects-3-D4C63A85E7894C5D8C20D9297FEA1A43",
  "ProjectVariableSetSnapshotId": "variableset-Projects-3-s-2-HX97Z-D4C63A85E7894C5D8C20D9297FEA1A43",
  "ProjectDeploymentProcessSnapshotId": "deploymentprocess-Projects-3-s-7-K5RM8-D4C63A85E7894C5D8C20D9297FEA1A43",
  "LibraryVariableSetSnapshots": [],
  "SelectedPackages": [
    {
      "ActionName": "Deploy an Azure App Service",
      "PackageReferenceName": "",
      "Version": "1.1.3"
    }
  ],
  "ChannelId": "Channels-3-D4C63A85E7894C5D8C20D9297FEA1A43",
  "BuildInformation": [],
  "VersionControlReference": {
    "GitRef": null,
    "GitCommit": null
  },
  "SpaceId": "Spaces-1-D4C63A85E7894C5D8C20D9297FEA1A43"
}