{
  "ProjectId": "Projects-3-D4C63A85E7894C5D8C20D9297FEA1A43",
  "Id": "RunbookProcess-Runbooks-1-D4C63A85E7894C5D8C20D9297FEA1A43",
  "OwnerId": "Runbooks-1-D4C63A85E7894C5D8C20D9297FEA1A43",
  "Version": 2,
  "SpaceId": "Spaces-1-D4C63A85E7894C5D8C20D9297FEA1A43",
  "Steps": [
    {
      "Id": "1e668367-855a-4a56-bba0-525d820b02d7",
      "Name": "Run a Script",
      "Condition": "Success",
      "StartTrigger": "StartAfterPrevious",
      "PackageRequirement": "LetOctopusDecide",
      "Actions": [
        {
          "Id": "6481295a-40cf-4aaf-92c0-e52a01487f85",
          "Name": "Run a Script",
          "ActionType": "Octopus.Script",
          "Notes": null,
          "WorkerPoolId": "WorkerPools-2-D4C63A85E7894C5D8C20D9297FEA1A43",
          "WorkerPoolVariable": null,
          "Container": {
            "Image": null,
            "FeedId": null
          },
          "IsDisabled": false,
          "IsRequired": false,
          "Environments": [],
          "ExcludedEnvironments": [],
          "Channels": [],
          "TenantTags": [],
          "Packages": [],
          "Condition": "Success",
          "Properties": {
            "Octopus.Action.RunOnServer": "true",
            "Octopus.Action.Script.ScriptSource": "Inline",
            "Octopus.Action.Script.Syntax": "PowerShell",
            "Octopus.Action.Script.ScriptBody": "Write-Host $OctopusParameters[\"HTML.Greeting\"]"
          }
        }
      ],
      "Properties": {}
    }
  ]
}