{
  "Id": "Runbooks-1-D4C63A85E7894C5D8C20D9297FEA1A43",
  "SpaceId": "Spaces-1-D4C63A85E7894C5D8C20D9297FEA1A43",
  "Name": "HTML Runbook",
  "RunbookProcessId": "RunbookProcess-Runbooks-1-D4C63A85E7894C5D8C20D9297FEA1A43",
  "PublishedRunbookSnapshotId": "RunbookSnapshots-1-D4C63A85E7894C5D8C20D9297FEA1A43",
  "Description": "",
  "MultiTenancyMode": "Untenanted",
  "ConnectivityPolicy": {
    "SkipMachineBehavior": "None",
    "TargetRoles": [],
    "AllowDeploymentsToNoTargets": true,
    "ExcludeUnhealthyTargets": false
  },
  "EnvironmentScope": "All",
  "Environments": [],
  "DefaultGuidedFailureMode": "EnvironmentDefault",
  "RunRetentionPolicy": {
    "QuantityToKeep": 100,
    "ShouldKeepForever": false
  },
  "ProjectId": "Projects-3-D4C63A85E7894C5D8C20D9297FEA1A43"
}