{
  "Id": "variableset-Projects-3-D4C63A85E7894C5D8C20D9297FEA1A43",
  "OwnerId": "Projects-3-D4C63A85E7894C5D8C20D9297FEA1A43",
  "OwnerType": "Project",
  "Version": 2,
  "Variables": [
    {
      "Id": "997a674d-d89c-3cad-c59e-c126ed6c5b5b",
      "Name": "HTML.Greeting",
      "Description": null,
      "Type": "String",
      "Value": "Hello, Test",
      "Scope": {
        "Environment": [
          "Environments-1-D4C63A85E7894C5D8C20D9297FEA1A43"
        ]
      }
    },
    {
      "Id": "e1220e60-0fa7-1e04-94aa-f7bab725485a",
      "Name": "HTML.Greeting",
      "Description": null,
      "Type": "String",
      "Value": "Hello, Development",
      "Scope": {
        "Environment": [
          "Environments-3-D4C63A85E7894C5D8C20D9297FEA1A43"
        ]
      }
    },
    {
      "Id": "2191ba41-629c-b3b2-b3c1-683410729460",
      "Name": "HTML.Greeting",
      "Description": null,
      "Type": "String",
      "Value": "Hello, Production",
      "Scope": {
        "Environment": [
          "Environments-2-D4C63A85E7894C5D8C20D9297FEA1A43"
        ]
      }
    },
    {
      "Id": "4e07751f-49bf-8cca-f990-a0abc278a37e",
      "Name": "HTML.Greeting",
      "Description": null,
      "Type": "String",
      "Value": "Hello, Development Runbook",
      "Scope": {
        "Environment": [
          "Environments-3-D4C63A85E7894C5D8C20D9297FEA1A43"
        ],
        "ProcessOwner": [
          "Runbooks-1-D4C63A85E7894C5D8C20D9297FEA1A43"
        ]
      }
    },
    {
      "Id": "f56b20ab-b655-0dd2-3214-4043888e51da",
      "Name": "HTML.Greeting",
      "Description": null,
      "Type": "String",
      "Value": "Hello, Production Runbook",
      "Scope": {
        "Environment": [
          "Environments-2-D4C63A85E7894C5D8C20D9297FEA1A43"
        ],
        "ProcessOwner": [
          "Runbooks-1-D4C63A85E7894C5D8C20D9297FEA1A43"
        ]
      }
    },
    {
      "Id": "4fb9bd72-a210-aa4c-f18a-d7bb097be2d1",
      "Name": "HTML.Greeting",
      "Description": null,
      "Type": "String",
      "Value": "Hello, Test Runbook",
      "Scope": {
        "Environment": [
          "Environments-1-D4C63A85E7894C5D8C20D9297FEA1A43"
        ],
        "ProcessOwner": [
          "Runbooks-1-D4C63A85E7894C5D8C20D9297FEA1A43"
        ]
      }
    }
  ],
  "SpaceId": "Spaces-1-D4C63A85E7894C5D8C20D9297FEA1A43",
  "RelatedDocumentIds": [
    "Environments-1-D4C63A85E7894C5D8C20D9297FEA1A43",
    "Environments-3-D4C63A85E7894C5D8C20D9297FEA1A43",
    "Environments-2-D4C63A85E7894C5D8C20D9297FEA1A43",
    "Runbooks-1-D4C63A85E7894C5D8C20D9297FEA1A43"
  ]
}