{
  "Id": "deploymentprocess-Projects-1-s-3-8NJFB-D4C63A85E7894C5D8C20D9297FEA1A43",
  "OwnerId": "Projects-1-D4C63A85E7894C5D8C20D9297FEA1A43",
  "IsFrozen": true,
  "Version": 3,
  "SpaceId": "Spaces-1-D4C63A85E7894C5D8C20D9297FEA1A43",
  "Steps": [
    {
      "Id": "9bd48f33-5d16-4002-9fde-e30ce3615c76",
      "Name": "Deploy an Azure App Service",
      "Condition": "Success",
      "StartTrigger": "StartAfterPrevious",
      "PackageRequirement": "LetOctopusDecide",
      "Actions": [
        {
          "Id": "c0d73bc0-723d-4c20-a0f5-2d1d992f7048",
          "Name": "Deploy an Azure App Service",
          "ActionType": "Octopus.AzureAppService",
          "Notes": null,
          "WorkerPoolId": null,
          "WorkerPoolVariable": "",
          "Container": {
            "Image": null,
            "FeedId": null
          },
          "IsDisabled": false,
          "IsRequired": false,
          "Environments": [
            "Environments-1-D4C63A85E7894C5D8C20D9297FEA1A43"
          ],
          "ExcludedEnvironments": [],
          "Channels": [],
          "TenantTags": [],
          "Packages": [
            {
              "Id": "982f7a41-03e4-4293-8058-351e6ca72834",
              "Name": "",
              "PackageId": "guide",
              "FeedId": "feeds-builtin",
              "AcquisitionLocation": "Server",
              "Properties": {
                "SelectionMode": "immediate"
              }
            }
          ],
          "Condition": "Success",
          "Properties": {
            "Octopus.Action.Azure.DeploymentType": "Package",
            "Octopus.Action.Package.PackageId": "guide",
            "Octopus.Action.Package.FeedId": "feeds-builtin",
            "Octopus.Action.Package.DownloadOnTentacle": "False",
            "Octopus.Action.EnabledFeatures": "Octopus.Features.JsonConfigurationVariables,Octopus.Features.ConfigurationTransforms,Octopus.Features.SubstituteInFiles"
          }
        }
      ],
      "Properties": {
        "Octopus.Action.TargetRoles": "azure"
      }
    }
  ],
  "RelatedDocumentIds": [
    "Environments-1-D4C63A85E7894C5D8C20D9297FEA1A43"
  ]
}