{
  "Id": "Releases-2-D4C63A85E7894C5D8C20D9297FEA1A43",
  "SpaceId": "Spaces-1-D4C63A85E7894C5D8C20D9297FEA1A43",
  "ProjectId": "Projects-1-D4C63A85E7894C5D8C20D9297FEA1A43",
  "ChannelId": "Channels-1-D4C63A85E7894C5D8C20D9297FEA1A43",
  "LifecycleId": "Lifecycles-1-D4C63A85E7894C5D8C20D9297FEA1A43",
  "Version": "0.0.2",
  "ReleaseNotes": null,
  "Assembled": "2021-08-06T02:02:11.5247284+00:00",
  "ReleaseDefects": [],
  "DeploymentSettings": {
    "DefaultToSkipIfAlreadyInstalled": false,
    "ConnectivityPolicy": {
      "SkipMachineBehavior": "None",
      "TargetRoles": [],
      "AllowDeploymentsToNoTargets": false,
      "ExcludeUnhealthyTargets": false
    },
    "DefaultGuidedFailureMode": "EnvironmentDefault",
    "DeploymentChangesTemplate": null,
    "VersioningStrategy": {
      "DonorPackage": null,
      "Template": "#{Octopus.Version.LastMajor}.#{Octopus.Version.LastMinor}.#{Octopus.Version.NextPatch}"
    }
  },
  "ProjectVariableSetSnapshotId": "variableset-Projects-1-s-0-F5V67-D4C63A85E7894C5D8C20D9297FEA1A43",
  "ProjectDeploymentProcessSnapshotId": "deploymentprocess-Projects-1-s-3-8NJFB-D4C63A85E7894C5D8C20D9297FEA1A43",
  "LibraryVariableSetSnapshots": [],
  "SelectedPackages": [
    {
      "ActionName": "Deploy an Azure App Service",
      "PackageReferenceName": "",
      "Version": "1.0.0"
    }
  ],
  "BuildInformation": [],
  "VersionControlReference": {
    "GitRef": null,
    "GitCommit": null
  }
}